id,first_name,last_name,email,gender,ip_address
1,Baxter,Garmston,bgarmston0@cbsnews.com,Male,33.132.170.29
2,Dan,Santino,dsantino1@usatoday.com,Male,255.194.245.238
3,Tabbie,Malin,tmalin2@auda.org.au,Male,184.111.76.79
4,Osbourn,Kydde,okydde3@oracle.com,Bigender,140.7.227.146
5,Ignace,Weblin,iweblin4@economist.com,Genderfluid,10.183.96.19
6,Alla,Clavey,aclavey5@pcworld.com,Female,17.213.32.254
7,Sibelle,Cashell,scashell6@rakuten.co.jp,Female,30.228.39.161
8,Ashleigh,De Banke,adebanke7@blogger.com,Female,168.0.233.198
9,Koren,Risby,krisby8@cisco.com,Female,94.14.32.86
10,Starlin,MacClure,smacclure9@salon.com,Female,93.204.17.13
